Workbook

Sheet Flips
A1: # | B1: Player | C1: Player ID | D1: Nationality | E1: Age when bought | F1: Age estimated? | G1: Potential | H1: Position | I1: Height (cm) | J1: Draft pick (of 48) | K1: Bought from drafting team? | L1: Bought on | M1: Buy price ($) | N1: Sold on | O1: Sale price ($) | P1: Profit ($) | Q1: Sale ÷ buy | R1: Days held | S1: Salary in season bought ($/wk) | T1: Salary in season sold ($/wk) | U1: Buy ÷ salary | V1: Sale ÷ salary | W1: Salary at 22 ($/wk) | X1: Salary at 24 ($/wk) | Y1: Salary at 26 ($/wk) | Z1: Highest salary ($/wk) | AA1: Last season with salary
A2: 1 | B2: Ignacio Saracina | C2: 41691320 | D2: España | E2: 18 | F2: Yes (from draft season) | G2: superstar | H2: PG | I2: 188 | J2: 41 | K2: No | L2: 42811 | M2: 15000 | N2: 42871 | O2: 98000 | P2: =O2-M2 | Q2: =IF(M2=0,"",O2/M2) | R2: =N2-L2 | S2: 3632 | T2: 3632 | U2: =M2/S2 | V2: =O2/S2 | Z2: 3934 | AA2: 40
A3: 2 | B3: Rauls Bersons | C3: 42106233 | D3: Latvija | E3: 18 | F3: Yes (from draft season) | G3: superstar | H3: PG | I3: 190 | J3: 26 | K3: No | L3: 42811 | M3: 1000 | N3: 42860 | O3: 121000 | P3: =O3-M3 | Q3: =IF(M3=0,"",O3/M3) | R3: =N3-L3 | S3: 3705 | T3: 3705 | U3: =M3/S3 | V3: =O3/S3 | Z3: 3705 | AA3: 38
A4: 3 | B4: Przemysław Kosterski | C4: 41385714 | D4: Polska | E4: 19 | F4: Yes (from draft season) | G4: MVP | H4: PF | I4: 196 | J4: 4 | K4: No | L4: 42811 | M4: 4000 | N4: 42856 | O4: 175000 | P4: =O4-M4 | Q4: =IF(M4=0,"",O4/M4) | R4: =N4-L4 | S4: 3314 | T4: 3314 | U4: =M4/S4 | V4: =O4/S4 | W4: 5644 | X4: 7023 | Y4: 8604 | Z4: 8630 | AA4: 46
A5: 4 | B5: Nikanor Liamaeu | C5: 42281787 | D5: Belarus | E5: 18 | F5: Yes (from draft season) | G5: superstar | H5: PG | I5: 196 | J5: 26 | K5: Yes | L5: 42811 | M5: 10000 | N5: 42847 | O5: 190800 | P5: =O5-M5 | Q5: =IF(M5=0,"",O5/M5) | R5: =N5-L5 | S5: 4136 | T5: 4136 | U5: =M5/S5 | V5: =O5/S5 | W5: 9798 | X5: 10207 | Z5: 10312 | AA5: 45
A6: 5 | B6: Yiannis Mpaxevanakis | C6: 41862455 | D6: Hellas | E6: 18 | F6: Yes (from draft season) | G6: MVP | H6: PG | I6: 203 | J6: 14 | K6: Yes | L6: 42811 | M6: 34400 | N6: 42843 | O6: 372000 | P6: =O6-M6 | Q6: =IF(M6=0,"",O6/M6) | R6: =N6-L6 | S6: 2088 | T6: 2088 | U6: =M6/S6 | V6: =O6/S6 | W6: 6393 | X6: 6912 | Y6: 7090 | Z6: 7090 | AA6: 46
A7: 6 | B7: Wenceslao Ortega | C7: 41704433 | D7: España | E7: 18 | F7: Yes (from draft season) | G7: hall of famer | H7: PG | I7: 190 | J7: 48 | K7: No | L7: 42812 | M7: 4000 | N7: 42848 | O7: 272000 | P7: =O7-M7 | Q7: =IF(M7=0,"",O7/M7) | R7: =N7-L7 | S7: 2283 | T7: 2283 | U7: =M7/S7 | V7: =O7/S7 | W7: 2463 | X7: 2513 | Y7: 2501 | Z7: 2513 | AA7: 66
A8: 7 | B8: Austin Chamberlain | C8: 42352280 | D8: USA | E8: 18 | F8: Yes (from draft season) | G8: MVP | H8: C | I8: 193 | J8: 38 | K8: No | L8: 42908 | M8: 10000 | N8: 42938 | O8: 277500 | P8: =O8-M8 | Q8: =IF(M8=0,"",O8/M8) | R8: =N8-L8 | S8: 3218 | T8: 3218 | U8: =M8/S8 | V8: =O8/S8 | Z8: 3218 | AA8: 40
A9: 8 | B9: Matthieu Meyer | C9: 42604416 | D9: France | E9: 18 | F9: Yes (from draft season) | G9: MVP | H9: PG | I9: 201 | J9: 42 | K9: Yes | L9: 42908 | M9: 10000 | N9: 42938 | O9: 198000 | P9: =O9-M9 | Q9: =IF(M9=0,"",O9/M9) | R9: =N9-L9 | S9: 3131 | T9: 3131 | U9: =M9/S9 | V9: =O9/S9 | Z9: 3131 | AA9: 39
A10: 9 | B10: Thomas Berra | C10: 42601397 | D10: France | E10: 18 | F10: Yes (from draft season) | G10: hall of famer | H10: PG | I10: 201 | J10: 47 | K10: Yes | L10: 42908 | M10: 14000 | N10: 42954 | O10: 198000 | P10: =O10-M10 | Q10: =IF(M10=0,"",O10/M10) | R10: =N10-L10 | S10: 2432 | T10: 2432 | U10: =M10/S10 | V10: =O10/S10 | Z10: 2432 | AA10: 41
A11: 10 | B11: Linas Treinius | C11: 42725108 | D11: Lietuva | E11: 18 | F11: Yes (from draft season) | G11: hall of famer | H11: PG | I11: 190 | J11: 5 | K11: Yes | L11: 42908 | M11: 2000 | N11: 42952 | O11: 187000 | P11: =O11-M11 | Q11: =IF(M11=0,"",O11/M11) | R11: =N11-L11 | S11: 3201 | T11: 3201 | U11: =M11/S11 | V11: =O11/S11 | W11: 3557 | X11: 3557 | Y11: 3538 | Z11: 3557 | AA11: 53
A12: 11 | B12: Miroslav Vončina | C12: 43007337 | D12: Slovenija | E12: 18 | F12: Yes (from draft season) | G12: MVP | H12: PF | I12: 203 | J12: 16 | K12: No | L12: 42908 | M12: 1000 | N12: 42935 | O12: 175000 | P12: =O12-M12 | Q12: =IF(M12=0,"",O12/M12) | R12: =N12-L12 | S12: 3627 | T12: 3627 | U12: =M12/S12 | V12: =O12/S12 | W12: 7084 | X12: 8141 | Y12: 9212 | Z12: 10145 | AA12: 54
A13: 12 | B13: Manuel Prada | C13: 42443844 | D13: España | E13: 18 | F13: Yes (from draft season) | G13: hall of famer | H13: PG | I13: 201 | J13: 3 | K13: Yes | L13: 42908 | M13: 52100 | N13: 42936 | O13: 375000 | P13: =O13-M13 | Q13: =IF(M13=0,"",O13/M13) | R13: =N13-L13 | S13: 2924 | T13: 2924 | U13: =M13/S13 | V13: =O13/S13 | Z13: 3117 | AA13: 42
A14: 13 | B14: Sarolf Reinhardtshain | C14: 42943544 | D14: Polska | E14: 18 | F14: Yes (from draft season) | G14: MVP | H14: SF | I14: 185 | J14: 5 | K14: Yes | L14: 42910 | M14: 8000 | N14: 42962 | O14: 173400 | P14: =O14-M14 | Q14: =IF(M14=0,"",O14/M14) | R14: =N14-L14 | S14: 3446 | T14: 3446 | U14: =M14/S14 | V14: =O14/S14 | W14: 3232 | X14: 3232 | Y14: 3215 | Z14: 3446 | AA14: 66
A15: 14 | B15: Jurgis Fedorecas | C15: 43517742 | D15: Lietuva | E15: 18 | F15: Yes (from draft season) | G15: hall of famer | H15: SG | I15: 188 | J15: 16 | K15: Yes | L15: 43007 | M15: 50000 | N15: 43031 | O15: 400000 | P15: =O15-M15 | Q15: =IF(M15=0,"",O15/M15) | R15: =N15-L15 | S15: 3156 | T15: 3156 | U15: =M15/S15 | V15: =O15/S15 | Z15: 3156 | AA15: 40
A16: 15 | B16: Kevin Price | C16: 43143179 | D16: USA | E16: 18 | F16: Yes (from draft season) | G16: MVP | H16: SF | I16: 203 | J16: 43 | K16: No | L16: 43007 | M16: 3000 | N16: 43032 | O16: 272000 | P16: =O16-M16 | Q16: =IF(M16=0,"",O16/M16) | R16: =N16-L16 | S16: 2931 | T16: 2931 | U16: =M16/S16 | V16: =O16/S16 | Z16: 2931 | AA16: 42
A17: 16 | B17: Brett Barnes | C17: 43866699 | D17: Utopia | E17: 18 | F17: Yes (from draft season) | G17: superstar | H17: SF | I17: 188 | J17: 9 | K17: No | L17: 43007 | M17: 17000 | N17: 43054 | O17: 165000 | P17: =O17-M17 | Q17: =IF(M17=0,"",O17/M17) | R17: =N17-L17 | S17: 2819 | T17: 2819 | U17: =M17/S17 | V17: =O17/S17 | W17: 5717 | X17: 7690 | Z17: 7690 | AA17: 46
A18: 17 | B18: Kosmas Valsamakis | C18: 43437279 | D18: Hellas | E18: 18 | F18: Yes (from draft season) | G18: hall of famer | H18: PF | I18: 193 | J18: 14 | K18: Yes | L18: 43007 | M18: 2000 | N18: 43028 | O18: 198000 | P18: =O18-M18 | Q18: =IF(M18=0,"",O18/M18) | R18: =N18-L18 | S18: 3439 | T18: 3439 | U18: =M18/S18 | V18: =O18/S18 | W18: 9598 | X18: 11843 | Y18: 12792 | Z18: 14306 | AA18: 59
A19: 18 | B19: Ivan Morales | C19: 43840973 | D19: Uruguay | E19: 18 | F19: Yes (from draft season) | G19: hall of famer | H19: C | I19: 203 | J19: 14 | K19: No | L19: 43009 | M19: 50000 | N19: 43029 | O19: 390300 | P19: =O19-M19 | Q19: =IF(M19=0,"",O19/M19) | R19: =N19-L19 | S19: 3364 | T19: 3364 | U19: =M19/S19 | V19: =O19/S19 | W19: 7515 | X19: 9357 | Y19: 11406 | Z19: 13940 | AA19: 51
A20: 19 | B20: Crispino Cruz Neto | C20: 43200221 | D20: Brasil | E20: 18 | F20: Yes (from draft season) | G20: MVP | H20: C | I20: 188 | J20: 27 | K20: No | L20: 43010 | M20: 5000 | N20: 43073 | O20: 137800 | P20: =O20-M20 | Q20: =IF(M20=0,"",O20/M20) | R20: =N20-L20 | S20: 2783 | T20: 2783 | U20: =M20/S20 | V20: =O20/S20 | Z20: 2783 | AA20: 41
A21: 20 | B21: Kostakis Vrontakis | C21: 43437820 | D21: Hellas | E21: 18 | F21: Yes (from draft season) | G21: hall of famer | H21: SF | I21: 190 | J21: 30 | K21: Yes | L21: 43010 | M21: 12000 | N21: 43080 | O21: 165000 | P21: =O21-M21 | Q21: =IF(M21=0,"",O21/M21) | R21: =N21-L21 | S21: 2817 | T21: 2817 | U21: =M21/S21 | V21: =O21/S21 | W21: 3137 | X21: 3260 | Z21: 3260 | AA21: 46
A22: 21 | B22: Henryk Szwajka | C22: 43733059 | D22: Polska | E22: 18 | F22: Yes (from draft season) | G22: hall of famer | H22: PG | I22: 190 | J22: 22 | K22: Yes | L22: 43010 | M22: 33333 | N22: 43066 | O22: 195000 | P22: =O22-M22 | Q22: =IF(M22=0,"",O22/M22) | R22: =N22-L22 | S22: 2989 | T22: 2989 | U22: =M22/S22 | V22: =O22/S22 | W22: 4822 | X22: 5888 | Y22: 5894 | Z22: 6141 | AA22: 54
A23: 22 | B23: Miquel Canal | C23: 44059881 | D23: España | E23: 18 | F23: Yes (from draft season) | G23: MVP | H23: SF | I23: 193 | J23: 31 | K23: No | L23: 43104 | M23: 11000 | N23: 43149 | O23: 175000 | P23: =O23-M23 | Q23: =IF(M23=0,"",O23/M23) | R23: =N23-L23 | S23: 3551 | T23: 3551 | U23: =M23/S23 | V23: =O23/S23 | W23: 5295 | X23: 5576 | Y23: 5993 | Z23: 6417 | AA23: 58
A24: 23 | B24: Paolo Alvisi | C24: 44147373 | D24: Italia | E24: 18 | F24: Yes (from draft season) | G24: hall of famer | H24: SF | I24: 203 | J24: 19 | K24: Yes | L24: 43105 | M24: 22222 | N24: 43147 | O24: 187000 | P24: =O24-M24 | Q24: =IF(M24=0,"",O24/M24) | R24: =N24-L24 | S24: 2931 | T24: 2931 | U24: =M24/S24 | V24: =O24/S24 | Z24: 4444 | AA24: 44
A25: 24 | B25: Yiorgos Kokkinias | C25: 44229075 | D25: Hellas | E25: 18 | F25: Yes (from draft season) | G25: MVP | H25: PG | I25: 193 | J25: 25 | K25: Yes | L25: 43105 | M25: 2000 | N25: 43167 | O25: 232000 | P25: =O25-M25 | Q25: =IF(M25=0,"",O25/M25) | R25: =N25-L25 | S25: 3459 | T25: 3459 | U25: =M25/S25 | V25: =O25/S25 | W25: 9837 | X25: 32503 | Y25: 33473 | Z25: 35310 | AA25: 54
A26: 25 | B26: Pascual Vera | C26: 44633410 | D26: Uruguay | E26: 18 | F26: Yes (from draft season) | G26: hall of famer | H26: PF | I26: 201 | J26: 32 | K26: No | L26: 43105 | M26: 33333 | N26: 43145 | O26: 257100 | P26: =O26-M26 | Q26: =IF(M26=0,"",O26/M26) | R26: =N26-L26 | S26: 3461 | T26: 3461 | U26: =M26/S26 | V26: =O26/S26 | W26: 5071 | X26: 6337 | Y26: 6677 | Z26: 6951 | AA26: 56
A27: 26 | B27: Kostakis Aidonis | C27: 44226559 | D27: Hellas | E27: 18 | F27: Yes (from draft season) | G27: hall of famer | H27: SF | I27: 201 | J27: 4 | K27: Yes | L27: 43107 | M27: 51000 | N27: 43149 | O27: 272000 | P27: =O27-M27 | Q27: =IF(M27=0,"",O27/M27) | R27: =N27-L27 | S27: 3818 | T27: 3818 | U27: =M27/S27 | V27: =O27/S27 | W27: 4132 | X27: 4173 | Y27: 4206 | Z27: 4219 | AA27: 52
A28: 27 | B28: Giulio Bonvini | C28: 44150432 | D28: Italia | E28: 18 | F28: Yes (from draft season) | G28: hall of famer | H28: SF | I28: 206 | J28: 4 | K28: Yes | L28: 43108 | M28: 6000 | N28: 43136 | O28: 198000 | P28: =O28-M28 | Q28: =IF(M28=0,"",O28/M28) | R28: =N28-L28 | S28: 3230 | T28: 3230 | U28: =M28/S28 | V28: =O28/S28 | W28: 3513 | Z28: 3559 | AA28: 46
A29: 28 | B29: Sigas Kaupinis | C29: 44309144 | D29: Lietuva | E29: 18 | F29: Yes (from draft season) | G29: hall of famer | H29: PF | I29: 196 | J29: 26 | K29: Yes | L29: 43109 | M29: 40000 | N29: 43145 | O29: 295000 | P29: =O29-M29 | Q29: =IF(M29=0,"",O29/M29) | R29: =N29-L29 | S29: 2975 | T29: 2975 | U29: =M29/S29 | V29: =O29/S29 | W29: 16014 | X29: 21163 | Y29: 21652 | Z29: 22159 | AA29: 56
A30: 29 | B30: Nicanor Peñafuerte | C30: 44058673 | D30: España | E30: 18 | F30: Yes (from draft season) | G30: hall of famer | H30: C | I30: 203 | J30: 6 | K30: No | L30: 43111 | M30: 1000 | N30: 43151 | O30: 187000 | P30: =O30-M30 | Q30: =IF(M30=0,"",O30/M30) | R30: =N30-L30 | S30: 2668 | T30: 2668 | U30: =M30/S30 | V30: =O30/S30 | W30: 7838 | Y30: 9463 | Z30: 13286 | AA30: 53
A31: 30 | B31: Werner Diersfart | C31: 44100991 | D31: Deutschland | E31: 18 | F31: Yes (from draft season) | G31: hall of famer | H31: PF | I31: 196 | J31: 32 | K31: No | L31: 43114 | M31: 8000 | N31: 43150 | O31: 198000 | P31: =O31-M31 | Q31: =IF(M31=0,"",O31/M31) | R31: =N31-L31 | S31: 3190 | T31: 3190 | U31: =M31/S31 | V31: =O31/S31 | Z31: 3598 | AA31: 42
A32: 31 | B32: Dorjan Andreu | C32: 44946064 | D32: Italia | E32: 18 | F32: Yes (from draft season) | G32: hall of famer | H32: SF | I32: 188 | J32: 11 | K32: No | L32: 43203 | M32: 13000 | N32: 43231 | O32: 206100 | P32: =O32-M32 | Q32: =IF(M32=0,"",O32/M32) | R32: =N32-L32 | S32: 3938 | T32: 3938 | U32: =M32/S32 | V32: =O32/S32 | W32: 7830 | X32: 13585 | Y32: 13608 | Z32: 13620 | AA32: 54
A33: 32 | B33: Luca Sina | C33: 44946495 | D33: Italia | E33: 18 | F33: Yes (from draft season) | G33: MVP | H33: SF | I33: 198 | J33: 28 | K33: Yes | L33: 43204 | M33: 7000 | N33: 43245 | O33: 198000 | P33: =O33-M33 | Q33: =IF(M33=0,"",O33/M33) | R33: =N33-L33 | S33: 3021 | T33: 3021 | U33: =M33/S33 | V33: =O33/S33 | Z33: 4388 | AA33: 45
A34: 33 | B34: Artur Salawa | C34: 45324882 | D34: Polska | E34: 18 | F34: Yes (from draft season) | G34: hall of famer | H34: SF | I34: 198 | J34: 11 | K34: No | L34: 43204 | M34: 10000 | N34: 43235 | O34: 187000 | P34: =O34-M34 | Q34: =IF(M34=0,"",O34/M34) | R34: =N34-L34 | S34: 2752 | T34: 2752 | U34: =M34/S34 | V34: =O34/S34 | W34: 7220 | X34: 7227 | Y34: 8163 | Z34: 8349 | AA34: 52
A35: 34 | B35: Andrew Matthew Supranes | C35: 45306844 | D35: Pilipinas | E35: 18 | F35: Yes (from draft season) | G35: hall of famer | H35: SF | I35: 185 | J35: 32 | K35: No | L35: 43205 | M35: 12000 | N35: 43235 | O35: 301000 | P35: =O35-M35 | Q35: =IF(M35=0,"",O35/M35) | R35: =N35-L35 | S35: 3381 | T35: 3381 | U35: =M35/S35 | V35: =O35/S35 | W35: 12531 | X35: 22284 | Y35: 31365 | Z35: 37842 | AA35: 61
A36: 35 | B36: Adri de Henau | C36: 45078706 | D36: Nederland | E36: 18 | F36: Yes (from draft season) | G36: hall of famer | H36: SF | I36: 201 | J36: 15 | K36: No | L36: 43207 | M36: 6000 | N36: 43236 | O36: 198000 | P36: =O36-M36 | Q36: =IF(M36=0,"",O36/M36) | R36: =N36-L36 | S36: 3269 | T36: 3269 | U36: =M36/S36 | V36: =O36/S36 | W36: 7867 | X36: 8022 | Y36: 8102 | Z36: 9595 | AA36: 55
A37: 36 | B37: Simo Voltri | C37: 45232526 | D37: Eesti | E37: 18 | F37: Yes (from draft season) | G37: hall of famer | H37: SF | I37: 206 | J37: 32 | K37: Yes | L37: 43210 | M37: 32000 | N37: 43244 | O37: 252000 | P37: =O37-M37 | Q37: =IF(M37=0,"",O37/M37) | R37: =N37-L37 | S37: 3235 | T37: 3235 | U37: =M37/S37 | V37: =O37/S37 | W37: 4115 | X37: 4479 | Z37: 4583 | AA37: 49
A38: 37 | B38: Ralf Looft | C38: 44900658 | D38: Deutschland | E38: 18 | F38: Yes (from draft season) | G38: hall of famer | H38: PF | I38: 203 | J38: 48 | K38: No | L38: 43211 | M38: 29000 | N38: 43249 | O38: 198000 | P38: =O38-M38 | Q38: =IF(M38=0,"",O38/M38) | R38: =N38-L38 | S38: 3252 | T38: 3252 | U38: =M38/S38 | V38: =O38/S38 | W38: 8037 | X38: 10888 | Y38: 11066 | Z38: 11380 | AA38: 58
A39: 38 | B39: Bill Höstlius | C39: 45719792 | D39: Sverige | E39: 18 | F39: Yes (from draft season) | G39: hall of famer | H39: PF | I39: 203 | J39: 23 | K39: No | L39: 43301 | M39: 22222 | N39: 43340 | O39: 175000 | P39: =O39-M39 | Q39: =IF(M39=0,"",O39/M39) | R39: =N39-L39 | S39: 2979 | T39: 2979 | U39: =M39/S39 | V39: =O39/S39 | W39: 13486 | X39: 18221 | Y39: 18335 | Z39: 25764 | AA39: 64
A40: 39 | B40: Edvinas Slapcinskas | C40: 45887858 | D40: Lietuva | E40: 18 | F40: Yes (from draft season) | G40: MVP | H40: SF | I40: 185 | J40: 40 | K40: Yes | L40: 43301 | M40: 22222 | N40: 43331 | O40: 295000 | P40: =O40-M40 | Q40: =IF(M40=0,"",O40/M40) | R40: =N40-L40 | S40: 3807 | T40: 3807 | U40: =M40/S40 | V40: =O40/S40 | W40: 9811 | X40: 24391 | Y40: 38495 | Z40: 43138 | AA40: 63
A41: 40 | B41: Stanisław Struski | C41: 46104453 | D41: Polska | E41: 18 | F41: Yes (from draft season) | G41: hall of famer | H41: PG | I41: 198 | J41: 1 | K41: No | L41: 43302 | M41: 108400 | N41: 43332 | O41: 600000 | P41: =O41-M41 | Q41: =IF(M41=0,"",O41/M41) | R41: =N41-L41 | S41: 4030 | T41: 4030 | U41: =M41/S41 | V41: =O41/S41 | W41: 4674 | X41: 7724 | Y41: 10793 | Z41: 12371 | AA41: 55
A42: 41 | B42: Mieczysław Konpa | C42: 46104432 | D42: Polska | E42: 18 | F42: Yes (from draft season) | G42: MVP | H42: PG | I42: 206 | J42: 17 | K42: No | L42: 43302 | M42: 7000 | N42: 43338 | O42: 187000 | P42: =O42-M42 | Q42: =IF(M42=0,"",O42/M42) | R42: =N42-L42 | S42: 3096 | T42: 3096 | U42: =M42/S42 | V42: =O42/S42 | W42: 3037 | X42: 3037 | Y42: 3037 | Z42: 3096 | AA42: 60
A43: 42 | B43: Rodrigo Caruncho | C43: 46237047 | D43: Utopia | E43: 18 | F43: Yes (from draft season) | G43: hall of famer | H43: SF | I43: 185 | J43: 2 | K43: No | L43: 43303 | M43: 33333 | N43: 43333 | O43: 272000 | P43: =O43-M43 | Q43: =IF(M43=0,"",O43/M43) | R43: =N43-L43 | S43: 5079 | T43: 5079 | U43: =M43/S43 | V43: =O43/S43 | Z43: 5121 | AA43: 44
A44: 43 | B44: Luca Pimpo | C44: 46368878 | D44: Italia | E44: 18 | F44: Yes (from draft season) | G44: MVP | H44: C | I44: 201 | J44: 48 | K44: Yes | L44: 43398 | M44: 5000 | N44: 43425 | O44: 272000 | P44: =O44-M44 | Q44: =IF(M44=0,"",O44/M44) | R44: =N44-L44 | S44: 3795 | T44: 3795 | U44: =M44/S44 | V44: =O44/S44 | W44: 4258 | X44: 7371 | Y44: 12846 | Z44: 14081 | AA44: 57
A45: 44 | B45: Freddy Langley | C45: 46551912 | D45: Utopia | E45: 18 | F45: Yes (from draft season) | G45: MVP | H45: PF | I45: 211 | J45: 4 | K45: Yes | L45: 43398 | M45: 7000 | N45: 43429 | O45: 252000 | P45: =O45-M45 | Q45: =IF(M45=0,"",O45/M45) | R45: =N45-L45 | S45: 3181 | T45: 3181 | U45: =M45/S45 | V45: =O45/S45 | W45: 2993 | X45: 2993 | Y45: 2993 | Z45: 3181 | AA45: 66
A46: 45 | B46: Janusz Werner | C46: 46509792 | D46: Polska | E46: 18 | F46: Yes (from draft season) | G46: hall of famer | H46: PG | I46: 198 | J46: 42 | K46: Yes | L46: 43400 | M46: 32000 | N46: 43477 | O46: 131000 | P46: =O46-M46 | Q46: =IF(M46=0,"",O46/M46) | R46: =N46-L46 | S46: 2861 | T46: 2861 | U46: =M46/S46 | V46: =O46/S46 | W46: 3788 | X46: 5066 | Y46: 5611 | Z46: 7971 | AA46: 57
A47: 46 | B47: Dario Meić | C47: 46473548 | D47: Bosna i Hercegovina | E47: 18 | F47: Yes (from draft season) | G47: hall of famer | H47: PG | I47: 185 | J47: 32 | K47: Yes | L47: 43401 | M47: 100000 | N47: 43493 | O47: 131000 | P47: =O47-M47 | Q47: =IF(M47=0,"",O47/M47) | R47: =N47-L47 | S47: 3982 | T47: 3889 | U47: =M47/S47 | V47: =O47/S47 | W47: 4861 | X47: 6678 | Z47: 6678 | AA47: 50
A48: 47 | B48: Georg Stüber | C48: 46498648 | D48: Magyarország | E48: 18 | F48: Yes (from draft season) | G48: hall of famer | H48: SG | I48: 183 | J48: 11 | K48: Yes | L48: 43402 | M48: 3000 | N48: 43432 | O48: 295000 | P48: =O48-M48 | Q48: =IF(M48=0,"",O48/M48) | R48: =N48-L48 | S48: 2562 | T48: 2562 | U48: =M48/S48 | V48: =O48/S48 | W48: 9391 | X48: 12302 | Y48: 15297 | Z48: 18195 | AA48: 57
A49: 48 | B49: Milán Tömösi | C49: 46498409 | D49: Magyarország | E49: 18 | F49: Yes (from draft season) | G49: hall of famer | H49: PG | I49: 183 | J49: 4 | K49: No | L49: 43404 | M49: 44444 | N49: 43451 | O49: 198000 | P49: =O49-M49 | Q49: =IF(M49=0,"",O49/M49) | R49: =N49-L49 | S49: 4462 | T49: 4462 | U49: =M49/S49 | V49: =O49/S49 | W49: 12393 | X49: 17576 | Y49: 21176 | Z49: 22040 | AA49: 59
A50: 49 | B50: Fadil Hasna | C50: 46340566 | D50: Türkiye | E50: 19 | F50: Yes (from draft season) | G50: MVP | H50: SF | I50: 203 | J50: 8 | K50: No | L50: 43499 | M50: 44444 | N50: 43536 | O50: 307100 | P50: =O50-M50 | Q50: =IF(M50=0,"",O50/M50) | R50: =N50-L50 | S50: 5968 | T50: 5968 | U50: =M50/S50 | V50: =O50/S50 | W50: 6888 | X50: 8030 | Y50: 9790 | Z50: 9799 | AA50: 53
A51: 50 | B51: Adam Minton | C51: 46861239 | D51: Utopia | E51: 18 | F51: Yes (from draft season) | G51: MVP | H51: C | I51: 193 | J51: 2 | K51: No | L51: 43500 | M51: 10000 | N51: 43535 | O51: 187000 | P51: =O51-M51 | Q51: =IF(M51=0,"",O51/M51) | R51: =N51-L51 | S51: 3010 | T51: 3010 | U51: =M51/S51 | V51: =O51/S51 | W51: 2909 | X51: 2909 | Y51: 2909 | Z51: 3010 | AA51: 66
A52: 51 | B52: Bjarki Aðalgeirsson | C52: 46864760 | D52: Ísland | E52: 18 | F52: Yes (from draft season) | G52: MVP | H52: PG | I52: 201 | J52: 28 | K52: No | L52: 43500 | M52: 5000 | N52: 43556 | O52: 175000 | P52: =O52-M52 | Q52: =IF(M52=0,"",O52/M52) | R52: =N52-L52 | S52: 2958 | T52: 2958 | U52: =M52/S52 | V52: =O52/S52 | W52: 3935 | X52: 4662 | Y52: 4664 | Z52: 4755 | AA52: 59
A53: 52 | B53: Oskar Frydrychowski | C53: 46817617 | D53: Polska | E53: 18 | F53: Yes (from draft season) | G53: hall of famer | H53: SF | I53: 183 | J53: 13 | K53: Yes | L53: 43500 | M53: 6000 | N53: 43527 | O53: 187000 | P53: =O53-M53 | Q53: =IF(M53=0,"",O53/M53) | R53: =N53-L53 | S53: 3746 | T53: 3746 | U53: =M53/S53 | V53: =O53/S53 | W53: 7701 | X53: 9701 | Z53: 9701 | AA53: 51
A54: 53 | B54: Vincent Paul Comisyon | C54: 46861192 | D54: Utopia | E54: 18 | F54: Yes (from draft season) | G54: hall of famer | H54: SF | I54: 213 | J54: 30 | K54: Yes | L54: 43501 | M54: 17000 | N54: 43531 | O54: 350000 | P54: =O54-M54 | Q54: =IF(M54=0,"",O54/M54) | R54: =N54-L54 | S54: 3336 | T54: 3336 | U54: =M54/S54 | V54: =O54/S54 | W54: 5702 | X54: 5702 | Y54: 5735 | Z54: 5797 | AA54: 59
A55: 54 | B55: Vladimir Dimitrov | C55: 46785024 | D55: Bulgaria | E55: 18 | F55: Yes (from draft season) | G55: hall of famer | H55: PG | I55: 198 | J55: 46 | K55: Yes | L55: 43503 | M55: 55400 | N55: 43524 | O55: 350000 | P55: =O55-M55 | Q55: =IF(M55=0,"",O55/M55) | R55: =N55-L55 | S55: 3257 | T55: 3257 | U55: =M55/S55 | V55: =O55/S55 | Z55: 4358 | AA55: 48
A56: 55 | B56: Jason Hook | C56: 46861491 | D56: Utopia | E56: 19 | F56: Yes (from draft season) | G56: MVP | H56: PG | I56: 203 | J56: 8 | K56: No | L56: 43594 | M56: 80000 | N56: 43633 | O56: 333000 | P56: =O56-M56 | Q56: =IF(M56=0,"",O56/M56) | R56: =N56-L56 | S56: 4837 | T56: 4837 | U56: =M56/S56 | V56: =O56/S56 | W56: 6846 | X56: 6847 | Y56: 6847 | Z56: 7815 | AA56: 58
A57: 56 | B57: Dagoberto Baltierra | C57: 47086592 | D57: México | E57: 18 | F57: Yes (from draft season) | G57: MVP | H57: PF | I57: 190 | J57: 12 | K57: Yes | L57: 43594 | M57: 28000 | N57: 43638 | O57: 190800 | P57: =O57-M57 | Q57: =IF(M57=0,"",O57/M57) | R57: =N57-L57 | S57: 4226 | T57: 4226 | U57: =M57/S57 | V57: =O57/S57 | Z57: 4510 | AA57: 49
A58: 57 | B58: Florindo Vavassori | C58: 46984900 | D58: Italia | E58: 18 | F58: Yes (from draft season) | G58: hall of famer | H58: PF | I58: 196 | J58: 41 | K58: No | L58: 43595 | M58: 10000 | N58: 43619 | O58: 280600 | P58: =O58-M58 | Q58: =IF(M58=0,"",O58/M58) | R58: =N58-L58 | S58: 4630 | T58: 4630 | U58: =M58/S58 | V58: =O58/S58 | W58: 7863 | X58: 9795 | Y58: 12575 | Z58: 13181 | AA58: 58
A59: 58 | B59: Mario Bergamin | C59: 46984823 | D59: Italia | E59: 18 | F59: Yes (from draft season) | G59: MVP | H59: PG | I59: 196 | J59: 26 | K59: Yes | L59: 43600 | M59: 10000 | N59: 43630 | O59: 175000 | P59: =O59-M59 | Q59: =IF(M59=0,"",O59/M59) | R59: =N59-L59 | S59: 3624 | T59: 3624 | U59: =M59/S59 | V59: =O59/S59 | W59: 9933 | X59: 14479 | Y59: 15576 | Z59: 17331 | AA59: 63
A60: 59 | B60: Ville-Veikko Tuomenpuro | C60: 47151137 | D60: Suomi | E60: 18 | F60: Yes (from draft season) | G60: hall of famer | H60: PG | I60: 196 | J60: 11 | K60: No | L60: 43605 | M60: 108400 | N60: 43632 | O60: 475000 | P60: =O60-M60 | Q60: =IF(M60=0,"",O60/M60) | R60: =N60-L60 | S60: 3660 | T60: 3660 | U60: =M60/S60 | V60: =O60/S60 | Z60: 3660 | AA60: 49
A61: 60 | B61: Ren Jacob | C61: 47478698 | D61: Utopia | E61: 18 | F61: Yes (from draft season) | G61: hall of famer | H61: PF | I61: 208 | J61: 12 | K61: No | L61: 43693 | M61: 78900 | N61: 43713 | O61: 393000 | P61: =O61-M61 | Q61: =IF(M61=0,"",O61/M61) | R61: =N61-L61 | S61: 3165 | T61: 3165 | U61: =M61/S61 | V61: =O61/S61 | W61: 12027 | X61: 29510 | Y61: 36485 | Z61: 52180 | AA61: 59
A62: 61 | B62: Ge Dingren | C62: 46939723 | D62: China | E62: 19 | F62: Yes (from draft season) | G62: MVP | H62: PG | I62: 190 | J62: 7 | K62: No | L62: 43694 | M62: 100000 | N62: 43768 | O62: 255000 | P62: =O62-M62 | Q62: =IF(M62=0,"",O62/M62) | R62: =N62-L62 | S62: 6277 | T62: 6277 | U62: =M62/S62 | V62: =O62/S62 | W62: 7863 | X62: 8311 | Z62: 8311 | AA62: 52
A63: 62 | B63: Melvin Pappas | C63: 47168290 | D63: Utopia | E63: 19 | F63: Yes (from draft season) | G63: superstar | H63: SF | I63: 201 | J63: 5 | K63: Yes | L63: 43694 | M63: 51000 | N63: 43752 | O63: 275000 | P63: =O63-M63 | Q63: =IF(M63=0,"",O63/M63) | R63: =N63-L63 | S63: 3689 | T63: 3689 | U63: =M63/S63 | V63: =O63/S63 | Z63: 4248 | AA63: 49
A64: 63 | B64: Fernando Díaz de Ledesma | C64: 47268316 | D64: España | E64: 18 | F64: Yes (from draft season) | G64: hall of famer | H64: C | I64: 198 | J64: 35 | K64: No | L64: 43695 | M64: 67890 | N64: 43742 | O64: 198000 | P64: =O64-M64 | Q64: =IF(M64=0,"",O64/M64) | R64: =N64-L64 | S64: 2995 | T64: 2995 | U64: =M64/S64 | V64: =O64/S64 | Z64: 2995 | AA64: 48
A65: 64 | B65: Zhang Chee Leng | C65: 47462539 | D65: Taiwan | E65: 18 | F65: Yes (from draft season) | G65: hall of famer | H65: PG | I65: 193 | J65: 2 | K65: Yes | L65: 43696 | M65: 108400 | N65: 43739 | O65: 393000 | P65: =O65-M65 | Q65: =IF(M65=0,"",O65/M65) | R65: =N65-L65 | S65: 3645 | T65: 3645 | U65: =M65/S65 | V65: =O65/S65 | Z65: 3645 | AA65: 48
A66: 65 | B66: Pedro Santos | C66: 47356539 | D66: Portugal | E66: 18 | F66: Yes (from draft season) | G66: hall of famer | H66: C | I66: 201 | J66: 40 | K66: Yes | L66: 43696 | M66: 52100 | N66: 43714 | O66: 295000 | P66: =O66-M66 | Q66: =IF(M66=0,"",O66/M66) | R66: =N66-L66 | S66: 2938 | T66: 2938 | U66: =M66/S66 | V66: =O66/S66 | W66: 6027 | X66: 8345 | Y66: 9176 | Z66: 9292 | AA66: 64
A67: 66 | B67: Rémy Mendes | C67: 47307403 | D67: France | E67: 18 | F67: Yes (from draft season) | G67: hall of famer | H67: SF | I67: 198 | J67: 43 | K67: Yes | L67: 43696 | M67: 23456 | N67: 43777 | O67: 87000 | P67: =O67-M67 | Q67: =IF(M67=0,"",O67/M67) | R67: =N67-L67 | S67: 2798 | T67: 2798 | U67: =M67/S67 | V67: =O67/S67 | W67: 2767 | Z67: 2798 | AA67: 51
A68: 67 | B68: Mauro Vivian | C68: 47602470 | D68: Italia | E68: 18 | F68: Yes (from draft season) | G68: hall of famer | H68: SF | I68: 196 | J68: 18 | K68: Yes | L68: 43791 | M68: 107500 | N68: 43847 | O68: 375000 | P68: =O68-M68 | Q68: =IF(M68=0,"",O68/M68) | R68: =N68-L68 | S68: 4693 | T68: 4693 | U68: =M68/S68 | V68: =O68/S68 | W68: 4424 | X68: 4484 | Z68: 4693 | AA68: 54
A69: 68 | B69: Yannis Billy | C69: 47621291 | D69: France | E69: 18 | F69: Yes (from draft season) | G69: hall of famer | H69: PF | I69: 201 | J69: 15 | K69: Yes | L69: 43793 | M69: 75000 | N69: 43832 | O69: 301000 | P69: =O69-M69 | Q69: =IF(M69=0,"",O69/M69) | R69: =N69-L69 | S69: 4665 | T69: 4665 | U69: =M69/S69 | V69: =O69/S69 | W69: 10520 | X69: 12718 | Y69: 16450 | Z69: 27904 | AA69: 67
A70: 69 | B70: Theofilos Solakidis | C70: 47324017 | D70: Hellas | E70: 19 | F70: Yes (from draft season) | G70: MVP | H70: SF | I70: 206 | J70: 47 | K70: No | L70: 43793 | M70: 77777 | N70: 43819 | O70: 375000 | P70: =O70-M70 | Q70: =IF(M70=0,"",O70/M70) | R70: =N70-L70 | S70: 4533 | T70: 4533 | U70: =M70/S70 | V70: =O70/S70 | W70: 4786 | X70: 5067 | Z70: 5135 | AA70: 54
A71: 70 | B71: César Díaz de Campomanes | C71: 47583027 | D71: España | E71: 18 | F71: Yes (from draft season) | G71: hall of famer | H71: PG | I71: 196 | J71: 45 | K71: Yes | L71: 43793 | M71: 115700 | N71: 43843 | O71: 395000 | P71: =O71-M71 | Q71: =IF(M71=0,"",O71/M71) | R71: =N71-L71 | S71: 3569 | T71: 3569 | U71: =M71/S71 | V71: =O71/S71 | W71: 5134 | X71: 5209 | Z71: 5544 | AA71: 55
A72: 71 | B72: Matej Korenčin | C72: 47766552 | D72: Slovenija | E72: 18 | F72: Yes (from draft season) | G72: hall of famer | H72: PF | I72: 198 | J72: 47 | K72: Yes | L72: 43794 | M72: 90000 | N72: 43831 | O72: 333000 | P72: =O72-M72 | Q72: =IF(M72=0,"",O72/M72) | R72: =N72-L72 | S72: 2900 | T72: 2900 | U72: =M72/S72 | V72: =O72/S72 | Z72: 4363 | AA72: 50
A73: 72 | B73: Fredrik Liljenin | C73: 47601029 | D73: Sverige | E73: 18 | F73: Yes (from draft season) | G73: hall of famer | H73: SF | I73: 201 | J73: 47 | K73: Yes | L73: 43794 | M73: 77777 | N73: 43830 | O73: 298000 | P73: =O73-M73 | Q73: =IF(M73=0,"",O73/M73) | R73: =N73-L73 | S73: 3448 | T73: 3448 | U73: =M73/S73 | V73: =O73/S73 | W73: 17730 | X73: 32436 | Y73: 48235 | Z73: 56752 | AA73: 67
A74: 73 | B74: Willie Eggleston | C74: 47838583 | D74: USA | E74: 18 | F74: Yes (from draft season) | G74: hall of famer | H74: PG | I74: 183 | J74: 16 | K74: No | L74: 43890 | M74: 55555 | N74: 43924 | O74: 275000 | P74: =O74-M74 | Q74: =IF(M74=0,"",O74/M74) | R74: =N74-L74 | S74: 3209 | T74: 3209 | U74: =M74/S74 | V74: =O74/S74 | W74: 3478 | X74: 3627 | Y74: 3863 | Z74: 4705 | AA74: 72
A75: 74 | B75: Mariusz Szalapski | C75: 47746017 | D75: Polska | E75: 19 | F75: No | G75: hall of famer | H75: PG | I75: 185 | J75: 12 | K75: No | L75: 43890 | M75: 121200 | N75: 43913 | O75: 505000 | P75: =O75-M75 | Q75: =IF(M75=0,"",O75/M75) | R75: =N75-L75 | S75: 5012 | T75: 5012 | U75: =M75/S75 | V75: =O75/S75 | W75: 9028 | X75: 9553 | Y75: 11468 | Z75: 13045 | AA75: 73
A76: 75 | B76: Vincentas Šatavicius | C76: 47982986 | D76: Lietuva | E76: 18 | F76: Yes (from draft season) | G76: hall of famer | H76: SF | I76: 193 | J76: 5 | K76: Yes | L76: 43895 | M76: 100000 | N76: 43915 | O76: 375000 | P76: =O76-M76 | Q76: =IF(M76=0,"",O76/M76) | R76: =N76-L76 | S76: 3712 | T76: 3712 | U76: =M76/S76 | V76: =O76/S76 | W76: 8860 | X76: 9877 | Y76: 9877 | Z76: 9877 | AA76: 61
A77: 76 | B77: Ricardo Sánchez | C77: 48192833 | D77: España | E77: 18 | F77: Yes (from draft season) | G77: superstar | H77: SF | I77: 188 | J77: 27 | K77: Yes | L77: 43991 | M77: 7000 | N77: 44011 | O77: 130000 | P77: =O77-M77 | Q77: =IF(M77=0,"",O77/M77) | R77: =N77-L77 | S77: 2389 | T77: 2389 | U77: =M77/S77 | V77: =O77/S77 | W77: 2775 | X77: 2845 | Y77: 2905 | Z77: 2972 | AA77: 61
A78: 77 | B78: Carles Alberich | C78: 48196453 | D78: España | E78: 18 | F78: Yes (from draft season) | G78: superstar | H78: SF | I78: 198 | J78: 13 | K78: Yes | L78: 43992 | M78: 2000 | N78: 44042 | O78: 98000 | P78: =O78-M78 | Q78: =IF(M78=0,"",O78/M78) | R78: =N78-L78 | S78: 2905 | T78: 2905 | U78: =M78/S78 | V78: =O78/S78 | Z78: 3565 | AA78: 52
A79: 78 | B79: Filomonio Arias | C79: 48402258 | D79: Utopia | E79: 18 | F79: Yes (from draft season) | G79: superstar | H79: SG | I79: 193 | J79: 37 | K79: Yes | L79: 43992 | M79: 1000 | N79: 44042 | O79: 98000 | P79: =O79-M79 | Q79: =IF(M79=0,"",O79/M79) | R79: =N79-L79 | S79: 3100 | T79: 3100 | U79: =M79/S79 | V79: =O79/S79 | Z79: 3100 | AA79: 52
A80: 79 | B80: Hasse Ericsson | C80: 47906107 | D80: Sverige | E80: 19 | F80: Yes (from draft season) | G80: superstar | H80: SG | I80: 190 | J80: 14 | K80: No | L80: 43992 | M80: 59000 | N80: 44022 | O80: 275000 | P80: =O80-M80 | Q80: =IF(M80=0,"",O80/M80) | R80: =N80-L80 | S80: 4662 | T80: 4662 | U80: =M80/S80 | V80: =O80/S80 | W80: 5696 | X80: 7040 | Y80: 7922 | Z80: 10461 | AA80: 66
A81: 80 | B81: Drasunas Ruškys | C81: 48290910 | D81: Lietuva | E81: 18 | F81: Yes (from draft season) | G81: superstar | H81: SF | I81: 183 | J81: 30 | K81: Yes | L81: 43992 | M81: 7000 | N81: 44047 | O81: 98000 | P81: =O81-M81 | Q81: =IF(M81=0,"",O81/M81) | R81: =N81-L81 | S81: 2832 | T81: 2832 | U81: =M81/S81 | V81: =O81/S81 | Z81: 3199 | AA81: 51
A82: 81 | B82: Zhu Rufan | C82: 48092898 | D82: Utopia | E82: 19 | F82: Yes (from draft season) | G82: MVP | H82: PF | I82: 203 | J82: 4 | K82: No | L82: 43993 | M82: 22222 | N82: 44019 | O82: 195000 | P82: =O82-M82 | Q82: =IF(M82=0,"",O82/M82) | R82: =N82-L82 | S82: 3083 | T82: 3083 | U82: =M82/S82 | V82: =O82/S82 | W82: 6222 | X82: 7561 | Y82: 8205 | Z82: 8205 | AA82: 57
A83: 82 | B83: Dobbie Satosa | C83: 48046708 | D83: Pilipinas | E83: 19 | F83: Yes (from draft season) | G83: superstar | H83: SF | I83: 190 | J83: 25 | K83: No | L83: 43993 | M83: 44000 | N83: 44019 | O83: 250000 | P83: =O83-M83 | Q83: =IF(M83=0,"",O83/M83) | R83: =N83-L83 | S83: 5720 | T83: 5720 | U83: =M83/S83 | V83: =O83/S83 | W83: 12479 | X83: 15869 | Y83: 16873 | Z83: 20111 | AA83: 68
A84: 83 | B84: Fernando Horroalde | C84: 48483679 | D84: Argentina | E84: 18 | F84: Yes (from draft season) | G84: hall of famer | H84: PG | I84: 193 | J84: 22 | K84: Yes | L84: 44084 | M84: 12000 | N84: 44119 | O84: 300000 | P84: =O84-M84 | Q84: =IF(M84=0,"",O84/M84) | R84: =N84-L84 | S84: 2770 | T84: 2770 | U84: =M84/S84 | V84: =O84/S84 | Z84: 2770 | AA84: 52
A85: 84 | B85: Luca Chinaglia | C85: 48538719 | D85: Italia | E85: 18 | F85: Yes (from draft season) | G85: MVP | H85: PF | I85: 183 | J85: 24 | K85: Yes | L85: 44084 | M85: 8000 | N85: 44160 | O85: 75000 | P85: =O85-M85 | Q85: =IF(M85=0,"",O85/M85) | R85: =N85-L85 | S85: 2741 | T85: 2741 | U85: =M85/S85 | V85: =O85/S85 | Z85: 2741 | AA85: 52
A86: 85 | B86: Mariusz Padziak | C86: 48681700 | D86: Polska | E86: 18 | F86: Yes (from draft season) | G86: MVP | H86: C | I86: 198 | J86: 24 | K86: Yes | L86: 44086 | M86: 1000 | N86: 44163 | O86: 75000 | P86: =O86-M86 | Q86: =IF(M86=0,"",O86/M86) | R86: =N86-L86 | S86: 3075 | T86: 3075 | U86: =M86/S86 | V86: =O86/S86 | Z86: 3075 | AA86: 53
A87: 86 | B87: Alexander Ziegler | C87: 48402838 | D87: Utopia | E87: 19 | F87: Yes (from draft season) | G87: hall of famer | H87: PG | I87: 190 | J87: 21 | K87: No | L87: 44087 | M87: 86800 | N87: 44165 | O87: 175000 | P87: =O87-M87 | Q87: =IF(M87=0,"",O87/M87) | R87: =N87-L87 | S87: 4459 | T87: 4459 | U87: =M87/S87 | V87: =O87/S87 | W87: 8967 | X87: 8967 | Y87: 10654 | Z87: 14486 | AA87: 62
A88: 87 | B88: Dustin Whaley | C88: 48724116 | D88: Utopia | E88: 18 | F88: Yes (from draft season) | G88: hall of famer | H88: PG | I88: 185 | J88: 9 | K88: No | L88: 44087 | M88: 50000 | N88: 44159 | O88: 100000 | P88: =O88-M88 | Q88: =IF(M88=0,"",O88/M88) | R88: =N88-L88 | S88: 3009 | T88: 3009 | U88: =M88/S88 | V88: =O88/S88 | W88: 8601 | X88: 11049 | Z88: 11049 | AA88: 57
A89: 88 | B89: Xia Xinfeng | C89: 48495807 | D89: China | E89: 18 | F89: Yes (from draft season) | G89: hall of famer | H89: PG | I89: 203 | J89: 13 | K89: Yes | L89: 44087 | M89: 22000 | N89: 44123 | O89: 198000 | P89: =O89-M89 | Q89: =IF(M89=0,"",O89/M89) | R89: =N89-L89 | S89: 3042 | T89: 3042 | U89: =M89/S89 | V89: =O89/S89 | W89: 10894 | X89: 13064 | Y89: 15682 | Z89: 16190 | AA89: 70
A90: 89 | B90: Salvátor Vírus | C90: 48705165 | D90: Slovensko | E90: 19 | F90: Yes (from draft season) | G90: MVP | H90: PG | I90: 188 | J90: 8 | K90: No | L90: 44182 | M90: 100000 | N90: 44213 | O90: 390300 | P90: =O90-M90 | Q90: =IF(M90=0,"",O90/M90) | R90: =N90-L90 | S90: 5257 | T90: 5257 | U90: =M90/S90 | V90: =O90/S90 | W90: 18409 | X90: 40152 | Y90: 60332 | Z90: 72653 | AA90: 69
A91: 90 | B91: Kruno Vejmelka | C91: 48644609 | D91: Bosna i Hercegovina | E91: 19 | F91: Yes (from draft season) | G91: MVP | H91: PG | I91: 203 | J91: 10 | K91: No | L91: 44186 | M91: 2000 | N91: 44216 | O91: 200000 | P91: =O91-M91 | Q91: =IF(M91=0,"",O91/M91) | R91: =N91-L91 | S91: 3779 | T91: 3779 | U91: =M91/S91 | V91: =O91/S91 | Z91: 4111 | AA91: 53
A92: 91 | B92: Jessie Heard | C92: 48996713 | D92: Utopia | E92: 18 | F92: Yes (from draft season) | G92: hall of famer | H92: SF | I92: 196 | J92: 46 | K92: Yes | L92: 44188 | M92: 33333 | N92: 44229 | O92: 250000 | P92: =O92-M92 | Q92: =IF(M92=0,"",O92/M92) | R92: =N92-L92 | S92: 2986 | T92: 2986 | U92: =M92/S92 | V92: =O92/S92 | W92: 4599 | X92: 5342 | Y92: 5916 | Z92: 5916 | AA92: 60
A93: 92 | B93: Tsang Kwai On | C93: 48661025 | D93: Hong Kong | E93: 19 | F93: Yes (from draft season) | G93: MVP | H93: PG | I93: 196 | J93: 19 | K93: Yes | L93: 44190 | M93: 55555 | N93: 44239 | O93: 397000 | P93: =O93-M93 | Q93: =IF(M93=0,"",O93/M93) | R93: =N93-L93 | S93: 6011 | T93: 6011 | U93: =M93/S93 | V93: =O93/S93 | W93: 21000 | X93: 42268 | Y93: 61421 | Z93: 66614 | AA93: 67
A94: 93 | B94: Mickaël Bouard | C94: 49022798 | D94: France | E94: 19 | F94: Yes (from draft season) | G94: hall of famer | H94: PG | I94: 188 | J94: 11 | K94: No | L94: 44280 | M94: 10000 | N94: 44323 | O94: 187000 | P94: =O94-M94 | Q94: =IF(M94=0,"",O94/M94) | R94: =N94-L94 | S94: 4255 | T94: 4255 | U94: =M94/S94 | V94: =O94/S94 | Z94: 4351 | AA94: 55
A95: 94 | B95: Jia Haibiao | C95: 49393626 | D95: Prathet Thai | E95: 18 | F95: Yes (from draft season) | G95: MVP | H95: PG | I95: 203 | J95: 43 | K95: No | L95: 44283 | M95: 43000 | N95: 44324 | O95: 187000 | P95: =O95-M95 | Q95: =IF(M95=0,"",O95/M95) | R95: =N95-L95 | S95: 2909 | T95: 2909 | U95: =M95/S95 | V95: =O95/S95 | Z95: 3071 | AA95: 54
A96: 95 | B96: Arutis Rukštelis | C96: 49277832 | D96: Lietuva | E96: 18 | F96: Yes (from draft season) | G96: hall of famer | H96: SF | I96: 183 | J96: 47 | K96: Yes | L96: 44284 | M96: 28000 | N96: 44341 | O96: 175000 | P96: =O96-M96 | Q96: =IF(M96=0,"",O96/M96) | R96: =N96-L96 | S96: 2787 | T96: 2787 | U96: =M96/S96 | V96: =O96/S96 | W96: 3931 | X96: 4389 | Y96: 4985 | Z96: 5870 | AA96: 70
A97: 96 | B97: Pepe Löfman | C97: 48980316 | D97: Suomi | E97: 19 | F97: Yes (from draft season) | G97: hall of famer | H97: PG | I97: 185 | J97: 40 | K97: Yes | L97: 44285 | M97: 101101 | N97: 44314 | O97: 395000 | P97: =O97-M97 | Q97: =IF(M97=0,"",O97/M97) | R97: =N97-L97 | S97: 4646 | T97: 4646 | U97: =M97/S97 | V97: =O97/S97 | W97: 13479 | X97: 25752 | Y97: 26331 | Z97: 34504 | AA97: 72
A98: 97 | B98: Asger Wael | C98: 48931053 | D98: Danmark | E98: 19 | F98: Yes (from draft season) | G98: hall of famer | H98: SG | I98: 193 | J98: 36 | K98: No | L98: 44289 | M98: 31000 | N98: 44345 | O98: 150000 | P98: =O98-M98 | Q98: =IF(M98=0,"",O98/M98) | R98: =N98-L98 | S98: 4419 | T98: 4419 | U98: =M98/S98 | V98: =O98/S98 | W98: 8351 | X98: 9997 | Y98: 10915 | Z98: 11224 | AA98: 64
A99: 98 | B99: Augutis Krupicevicius | C99: 49575590 | D99: Lietuva | E99: 18 | F99: Yes (from draft season) | G99: MVP | H99: SF | I99: 190 | J99: 23 | K99: No | L99: 44379 | M99: 33333 | N99: 44459 | O99: 95000 | P99: =O99-M99 | Q99: =IF(M99=0,"",O99/M99) | R99: =N99-L99 | S99: 4072 | T99: 4072 | U99: =M99/S99 | V99: =O99/S99 | W99: 5440 | Z99: 5440 | AA99: 59
A100: 99 | B100: Guillem Joan | C100: 49181507 | D100: España | E100: 19 | F100: Yes (from draft season) | G100: MVP | H100: SF | I100: 203 | J100: 39 | K100: No | L100: 44380 | M100: 32000 | N100: 44415 | O100: 187000 | P100: =O100-M100 | Q100: =IF(M100=0,"",O100/M100) | R100: =N100-L100 | S100: 4209 | T100: 4209 | U100: =M100/S100 | V100: =O100/S100 | W100: 10861 | X100: 16723 | Y100: 23267 | Z100: 30561 | AA100: 70
...

Sheet Summary
A1: Młoty Stargard – teenage flips since 2017 | F1: Salary vs price
A3: Players flipped | B3: =COUNTA(Flips!B2:B135) | F3: Median salary in season bought ($/wk) | G3: =MEDIAN(Flips!$S$2:$S$135)
A4: Total spent ($) | B4: =SUM(Flips!M2:M135) | F4: Players whose salary changed during the hold | G4: =SUMPRODUCT(--(Flips!$S$2:$S$135<>Flips!$T$2:$T$135))
A5: Total received ($) | B5: =SUM(Flips!O2:O135) | F5: Median buy ÷ salary | G5: =MEDIAN(Flips!$U$2:$U$135)
A6: Total profit ($) | B6: =SUM(Flips!P2:P135) | F6: Median sale ÷ salary | G6: =MEDIAN(Flips!$V$2:$V$135)
A7: Median buy price ($) | B7: =MEDIAN(Flips!M2:M135) | F7: Median highest salary, bought 2020 or earlier ($/wk) | G7: {=MEDIAN(IF(YEAR(Flips!$L$2:$L$135)<=2020,Flips!$Z$2:$Z$135))}
A8: Median sale price ($) | B8: =MEDIAN(Flips!O2:O135) | F8: Players ever reaching $50k/wk | G8: =COUNTIF(Flips!$Z$2:$Z$135,">=50000")
A9: Median sale ÷ buy | B9: =MEDIAN(Flips!Q2:Q135) | F9: Players ever reaching $100k/wk | G9: =COUNTIF(Flips!$Z$2:$Z$135,">=100000")
A10: Median days held | B10: =MEDIAN(Flips!R2:R135)
A11: Bought from drafting team | B11: =COUNTIF(Flips!K2:K135,"Yes")
A13: By potential
A14: Value | B14: Players | C14: Median buy ($) | D14: Median sale ($)
A15: hall of famer | B15: =COUNTIF(Flips!$G$2:$G$135,A15) | C15: {=MEDIAN(IF(Flips!$G$2:$G$135=A15,Flips!$M$2:$M$135))} | D15: {=MEDIAN(IF(Flips!$G$2:$G$135=A15,Flips!$O$2:$O$135))}
A16: MVP | B16: =COUNTIF(Flips!$G$2:$G$135,A16) | C16: {=MEDIAN(IF(Flips!$G$2:$G$135=A16,Flips!$M$2:$M$135))} | D16: {=MEDIAN(IF(Flips!$G$2:$G$135=A16,Flips!$O$2:$O$135))}
A17: superstar | B17: =COUNTIF(Flips!$G$2:$G$135,A17) | C17: {=MEDIAN(IF(Flips!$G$2:$G$135=A17,Flips!$M$2:$M$135))} | D17: {=MEDIAN(IF(Flips!$G$2:$G$135=A17,Flips!$O$2:$O$135))}
A19: By position
A20: Value | B20: Players | C20: Median buy ($) | D20: Median sale ($)
A21: PG | B21: =COUNTIF(Flips!$H$2:$H$135,A21) | C21: {=MEDIAN(IF(Flips!$H$2:$H$135=A21,Flips!$M$2:$M$135))} | D21: {=MEDIAN(IF(Flips!$H$2:$H$135=A21,Flips!$O$2:$O$135))}
A22: SF | B22: =COUNTIF(Flips!$H$2:$H$135,A22) | C22: {=MEDIAN(IF(Flips!$H$2:$H$135=A22,Flips!$M$2:$M$135))} | D22: {=MEDIAN(IF(Flips!$H$2:$H$135=A22,Flips!$O$2:$O$135))}
A23: PF | B23: =COUNTIF(Flips!$H$2:$H$135,A23) | C23: {=MEDIAN(IF(Flips!$H$2:$H$135=A23,Flips!$M$2:$M$135))} | D23: {=MEDIAN(IF(Flips!$H$2:$H$135=A23,Flips!$O$2:$O$135))}
A24: C | B24: =COUNTIF(Flips!$H$2:$H$135,A24) | C24: {=MEDIAN(IF(Flips!$H$2:$H$135=A24,Flips!$M$2:$M$135))} | D24: {=MEDIAN(IF(Flips!$H$2:$H$135=A24,Flips!$O$2:$O$135))}
A25: SG | B25: =COUNTIF(Flips!$H$2:$H$135,A25) | C25: {=MEDIAN(IF(Flips!$H$2:$H$135=A25,Flips!$M$2:$M$135))} | D25: {=MEDIAN(IF(Flips!$H$2:$H$135=A25,Flips!$O$2:$O$135))}
A27: By nationality
A28: Value | B28: Players | C28: Median buy ($) | D28: Median sale ($)
A29: Utopia | B29: =COUNTIF(Flips!$D$2:$D$135,A29) | C29: {=MEDIAN(IF(Flips!$D$2:$D$135=A29,Flips!$M$2:$M$135))} | D29: {=MEDIAN(IF(Flips!$D$2:$D$135=A29,Flips!$O$2:$O$135))}
A30: España | B30: =COUNTIF(Flips!$D$2:$D$135,A30) | C30: {=MEDIAN(IF(Flips!$D$2:$D$135=A30,Flips!$M$2:$M$135))} | D30: {=MEDIAN(IF(Flips!$D$2:$D$135=A30,Flips!$O$2:$O$135))}
A31: Polska | B31: =COUNTIF(Flips!$D$2:$D$135,A31) | C31: {=MEDIAN(IF(Flips!$D$2:$D$135=A31,Flips!$M$2:$M$135))} | D31: {=MEDIAN(IF(Flips!$D$2:$D$135=A31,Flips!$O$2:$O$135))}
A32: Lietuva | B32: =COUNTIF(Flips!$D$2:$D$135,A32) | C32: {=MEDIAN(IF(Flips!$D$2:$D$135=A32,Flips!$M$2:$M$135))} | D32: {=MEDIAN(IF(Flips!$D$2:$D$135=A32,Flips!$O$2:$O$135))}
A33: Italia | B33: =COUNTIF(Flips!$D$2:$D$135,A33) | C33: {=MEDIAN(IF(Flips!$D$2:$D$135=A33,Flips!$M$2:$M$135))} | D33: {=MEDIAN(IF(Flips!$D$2:$D$135=A33,Flips!$O$2:$O$135))}
A34: Hellas | B34: =COUNTIF(Flips!$D$2:$D$135,A34) | C34: {=MEDIAN(IF(Flips!$D$2:$D$135=A34,Flips!$M$2:$M$135))} | D34: {=MEDIAN(IF(Flips!$D$2:$D$135=A34,Flips!$O$2:$O$135))}
A35: USA | B35: =COUNTIF(Flips!$D$2:$D$135,A35) | C35: {=MEDIAN(IF(Flips!$D$2:$D$135=A35,Flips!$M$2:$M$135))} | D35: {=MEDIAN(IF(Flips!$D$2:$D$135=A35,Flips!$O$2:$O$135))}
A36: France | B36: =COUNTIF(Flips!$D$2:$D$135,A36) | C36: {=MEDIAN(IF(Flips!$D$2:$D$135=A36,Flips!$M$2:$M$135))} | D36: {=MEDIAN(IF(Flips!$D$2:$D$135=A36,Flips!$O$2:$O$135))}
A37: China | B37: =COUNTIF(Flips!$D$2:$D$135,A37) | C37: {=MEDIAN(IF(Flips!$D$2:$D$135=A37,Flips!$M$2:$M$135))} | D37: {=MEDIAN(IF(Flips!$D$2:$D$135=A37,Flips!$O$2:$O$135))}
A38: Deutschland | B38: =COUNTIF(Flips!$D$2:$D$135,A38) | C38: {=MEDIAN(IF(Flips!$D$2:$D$135=A38,Flips!$M$2:$M$135))} | D38: {=MEDIAN(IF(Flips!$D$2:$D$135=A38,Flips!$O$2:$O$135))}
A39: Pilipinas | B39: =COUNTIF(Flips!$D$2:$D$135,A39) | C39: {=MEDIAN(IF(Flips!$D$2:$D$135=A39,Flips!$M$2:$M$135))} | D39: {=MEDIAN(IF(Flips!$D$2:$D$135=A39,Flips!$O$2:$O$135))}
A40: Sverige | B40: =COUNTIF(Flips!$D$2:$D$135,A40) | C40: {=MEDIAN(IF(Flips!$D$2:$D$135=A40,Flips!$M$2:$M$135))} | D40: {=MEDIAN(IF(Flips!$D$2:$D$135=A40,Flips!$O$2:$O$135))}
... A69: Puerto Rico | B69: =COUNTIF(Flips!$D$2:$D$135,A69) | C69: {=MEDIAN(IF(Flips!$D$2:$D$135=A69,Flips!$M$2:$M$135))} | D69: {=MEDIAN(IF(Flips!$D$2:$D$135=A69,Flips!$O$2:$O$135))}
